{
  "project_info": {
    "project_number": "22918942583",
    "project_id": "shopping-20f0b",
    "storage_bucket": "shopping-20f0b.appspot.com"
  },
  "client": [
    {
      "client_info": {
        "mobilesdk_app_id": "1:22918942583:android:ae4f2d71675fd945475b72",
        "android_client_info": {
          "package_name": "com.example.shoppingapp"
        }
      },
      "oauth_client": [
        {
          "client_id": "22918942583-dvmc68jtfglinhs12hqso0nr9agq4en0.apps.googleusercontent.com",
          "client_type": 3
        }
      ],
      "api_key": [
        {
          "current_key": "AIzaSyDf-WLb1Y6mMjAZ5wBD-IUWnXAjWjbmBZI"
        }
      ],
      "services": {
        "appinvite_service": {
          "other_platform_oauth_client": [
            {
              "client_id": "22918942583-dvmc68jtfglinhs12hqso0nr9agq4en0.apps.googleusercontent.com",
              "client_type": 3
            }
          ]
        }
      }
    }
  ],
  "configuration_version": "1"
}